{
  "video_id": "daea351b20f1",
  "timestamp": "2026-04-04T01:34:12.404443",
  "features": {
    "frame_count": 610,
    "fps": 30.0,
    "duration": 20.333333333333332,
    "resolution": "320x180",
    "motion_scores": [
      0.0,
      0.1002,
      0.1049,
      0.2428,
      0.2463,
      0.0635,
      0.0586,
      0.0283,
      0.2625,
      0.2634,
      0.0561,
      0.2743,
      0.2675,
      0.1743,
      0.0961,
      0.2331,
      0.2115,
      0.2667,
      0.0697,
      0.1421,
      0.1327
    ],
    "face_presence": [
      false,
      false,
      false,
      false,
      false,
      false,
      false,
      false,
      false,
      false,
      false,
      false,
      false,
      false,
      false,
      false,
      false,
      false,
      false,
      false,
      false
    ],
    "audio_energy": [
      0.2505,
      0.2229,
      0.3611,
      0.4716,
      0.4805,
      0.5273,
      0.5342,
      0.5328,
      0.4836,
      0.5352,
      0.5316,
      0.5576,
      0.523,
      0.4807,
      0.4795,
      0.5543,
      0.5581,
      0.5392,
      0.542,
      0.5272,
      0.5053
    ],
    "scene_changes": [
      1.0,
      2.0,
      3.0,
      4.0,
      5.0,
      6.0,
      8.0,
      9.0,
      10.0,
      11.0,
      12.0,
      13.0,
      14.0,
      15.0,
      16.0,
      17.0,
      18.0,
      19.0,
      20.0
    ],
    "color_variance": [
      0.0,
      0.1174,
      0.0632,
      0.216,
      0.3433,
      0.0765,
      0.0573,
      0.0345,
      0.3327,
      0.3517,
      0.0444,
      0.2857,
      0.282,
      0.4016,
      0.0765,
      0.4227,
      0.3197,
      0.2994,
      0.1707,
      0.2755,
      0.2437
    ],
    "frame_signals": [
      {
        "timestamp": 0.0,
        "frame_id": 0,
        "scene_change": false,
        "motion_score": 0.0,
        "brightness_score": 0.5387,
        "edge_density": 0.1282,
        "human_count": 0,
        "pacing_score": 0.4,
        "visual_variation_score": 0.0,
        "attention_drop_risk": 0.0064
      },
      {
        "timestamp": 1.0,
        "frame_id": 30,
        "scene_change": true,
        "motion_score": 0.1002,
        "brightness_score": 0.5382,
        "edge_density": 0.1435,
        "human_count": 0,
        "pacing_score": 0.32,
        "visual_variation_score": 0.1174,
        "attention_drop_risk": 0.4022
      },
      {
        "timestamp": 2.0,
        "frame_id": 60,
        "scene_change": true,
        "motion_score": 0.1049,
        "brightness_score": 0.5349,
        "edge_density": 0.1329,
        "human_count": 0,
        "pacing_score": 0.64,
        "visual_variation_score": 0.0632,
        "attention_drop_risk": 0.4038
      },
      {
        "timestamp": 3.0,
        "frame_id": 90,
        "scene_change": true,
        "motion_score": 0.2428,
        "brightness_score": 0.4728,
        "edge_density": 0.2356,
        "human_count": 0,
        "pacing_score": 0.76,
        "visual_variation_score": 0.216,
        "attention_drop_risk": 0.4711
      },
      {
        "timestamp": 4.0,
        "frame_id": 120,
        "scene_change": true,
        "motion_score": 0.2463,
        "brightness_score": 0.5305,
        "edge_density": 0.1537,
        "human_count": 0,
        "pacing_score": 0.88,
        "visual_variation_score": 0.3433,
        "attention_drop_risk": 0.4685
      },
      {
        "timestamp": 5.0,
        "frame_id": 150,
        "scene_change": true,
        "motion_score": 0.0635,
        "brightness_score": 0.5355,
        "edge_density": 0.1406,
        "human_count": 0,
        "pacing_score": 1.0,
        "visual_variation_score": 0.0765,
        "attention_drop_risk": 0.3856
      },
      {
        "timestamp": 6.0,
        "frame_id": 180,
        "scene_change": true,
        "motion_score": 0.0586,
        "brightness_score": 0.5339,
        "edge_density": 0.153,
        "human_count": 0,
        "pacing_score": 1.0,
        "visual_variation_score": 0.0573,
        "attention_drop_risk": 0.384
      },
      {
        "timestamp": 7.0,
        "frame_id": 210,
        "scene_change": false,
        "motion_score": 0.0283,
        "brightness_score": 0.5391,
        "edge_density": 0.1506,
        "human_count": 0,
        "pacing_score": 1.0,
        "visual_variation_score": 0.0345,
        "attention_drop_risk": 0.0202
      },
      {
        "timestamp": 8.0,
        "frame_id": 240,
        "scene_change": true,
        "motion_score": 0.2625,
        "brightness_score": 0.4604,
        "edge_density": 0.2248,
        "human_count": 0,
        "pacing_score": 0.8,
        "visual_variation_score": 0.3327,
        "attention_drop_risk": 0.4794
      },
      {
        "timestamp": 9.0,
        "frame_id": 270,
        "scene_change": true,
        "motion_score": 0.2634,
        "brightness_score": 0.5472,
        "edge_density": 0.1549,
        "human_count": 0,
        "pacing_score": 1.0,
        "visual_variation_score": 0.3517,
        "attention_drop_risk": 0.4763
      },
      {
        "timestamp": 10.0,
        "frame_id": 300,
        "scene_change": true,
        "motion_score": 0.0561,
        "brightness_score": 0.5494,
        "edge_density": 0.1484,
        "human_count": 0,
        "pacing_score": 1.0,
        "visual_variation_score": 0.0444,
        "attention_drop_risk": 0.3826
      },
      {
        "timestamp": 11.0,
        "frame_id": 330,
        "scene_change": true,
        "motion_score": 0.2743,
        "brightness_score": 0.525,
        "edge_density": 0.1956,
        "human_count": 0,
        "pacing_score": 1.0,
        "visual_variation_score": 0.2857,
        "attention_drop_risk": 0.4832
      },
      {
        "timestamp": 12.0,
        "frame_id": 360,
        "scene_change": true,
        "motion_score": 0.2675,
        "brightness_score": 0.5138,
        "edge_density": 0.1328,
        "human_count": 0,
        "pacing_score": 1.0,
        "visual_variation_score": 0.282,
        "attention_drop_risk": 0.477
      },
      {
        "timestamp": 13.0,
        "frame_id": 390,
        "scene_change": true,
        "motion_score": 0.1743,
        "brightness_score": 0.4716,
        "edge_density": 0.0559,
        "human_count": 0,
        "pacing_score": 1.0,
        "visual_variation_score": 0.4016,
        "attention_drop_risk": 0.4312
      },
      {
        "timestamp": 14.0,
        "frame_id": 420,
        "scene_change": true,
        "motion_score": 0.0961,
        "brightness_score": 0.488,
        "edge_density": 0.0536,
        "human_count": 0,
        "pacing_score": 1.0,
        "visual_variation_score": 0.0765,
        "attention_drop_risk": 0.3959
      },
      {
        "timestamp": 15.0,
        "frame_id": 450,
        "scene_change": true,
        "motion_score": 0.2331,
        "brightness_score": 0.5237,
        "edge_density": 0.1897,
        "human_count": 0,
        "pacing_score": 1.0,
        "visual_variation_score": 0.4227,
        "attention_drop_risk": 0.4644
      },
      {
        "timestamp": 16.0,
        "frame_id": 480,
        "scene_change": true,
        "motion_score": 0.2115,
        "brightness_score": 0.528,
        "edge_density": 0.1966,
        "human_count": 0,
        "pacing_score": 1.0,
        "visual_variation_score": 0.3197,
        "attention_drop_risk": 0.455
      },
      {
        "timestamp": 17.0,
        "frame_id": 510,
        "scene_change": true,
        "motion_score": 0.2667,
        "brightness_score": 0.5272,
        "edge_density": 0.1622,
        "human_count": 0,
        "pacing_score": 1.0,
        "visual_variation_score": 0.2994,
        "attention_drop_risk": 0.4781
      },
      {
        "timestamp": 18.0,
        "frame_id": 540,
        "scene_change": true,
        "motion_score": 0.0697,
        "brightness_score": 0.5464,
        "edge_density": 0.1673,
        "human_count": 0,
        "pacing_score": 1.0,