{
  "video_id": "4f7e245ed6b4",
  "timestamp": "2026-04-03T11:05:41.243467",
  "features": {
    "frame_count": 535,
    "fps": 29.944998221335517,
    "duration": 17.86608888888889,
    "resolution": "320x180",
    "motion_scores": [
      0.0,
      0.226,
      0.2142,
      0.2086,
      0.2019,
      0.1945,
      0.1859,
      0.2459,
      0.2375,
      0.2055,
      0.1837,
      0.1504,
      0.2123,
      0.2206,
      0.2131,
      0.1654,
      0.1989,
      0.2596
    ],
    "face_presence": [
      false,
      false,
      false,
      false,
      false,
      false,
      false,
      false,
      true,
      false,
      false,
      false,
      false,
      false,
      false,
      false,
      false,
      false
    ],
    "audio_energy": [
      0.2899,
      0.2453,
      0.3543,
      0.4174,
      0.4758,
      0.5582,
      0.5629,
      0.5234,
      0.5708,
      0.5548,
      0.545,
      0.549,
      0.5587,
      0.5519,
      0.5679,
      0.5738,
      0.5437,
      0.5332
    ],
    "scene_changes": [
      1.0018367601246105,
      2.003673520249221,
      3.005510280373832,
      4.007347040498442,
      5.0091838006230525,
      6.011020560747664,
      7.012857320872274,
      8.014694080996884,
      9.016530841121495,
      10.018367601246105,
      11.020204361370716,
      12.022041121495327,
      13.023877881619937,
      14.025714641744548,
      15.027551401869157,
      16.02938816199377,
      17.03122492211838
    ],
    "color_variance": [
      0.0,
      0.1975,
      0.3443,
      0.3206,
      0.1685,
      0.155,
      0.1394,
      0.3688,
      0.3691,
      0.1489,
      0.2197,
      0.0976,
      0.3309,
      0.1637,
      0.3774,
      0.1136,
      0.3179,
      0.2117
    ],
    "frame_signals": [
      {
        "timestamp": 0.0,
        "frame_id": 0,
        "scene_change": false,
        "motion_score": 0.0,
        "brightness_score": 0.4892,
        "edge_density": 0.1998,
        "human_count": 0,
        "pacing_score": 0.4,
        "visual_variation_score": 0.0,
        "attention_drop_risk": 0.01
      },
      {
        "timestamp": 1.0018367601246105,
        "frame_id": 30,
        "scene_change": true,
        "motion_score": 0.226,
        "brightness_score": 0.4374,
        "edge_density": 0.1844,
        "human_count": 0,
        "pacing_score": 0.3198,
        "visual_variation_score": 0.1975,
        "attention_drop_risk": 0.4628
      },
      {
        "timestamp": 2.003673520249221,
        "frame_id": 60,
        "scene_change": true,
        "motion_score": 0.2142,
        "brightness_score": 0.4951,
        "edge_density": 0.1212,
        "human_count": 0,
        "pacing_score": 0.6393,
        "visual_variation_score": 0.3443,
        "attention_drop_risk": 0.4524
      },
      {
        "timestamp": 3.005510280373832,
        "frame_id": 90,
        "scene_change": true,
        "motion_score": 0.2086,
        "brightness_score": 0.4384,
        "edge_density": 0.1377,
        "human_count": 0,
        "pacing_score": 0.7593,
        "visual_variation_score": 0.3206,
        "attention_drop_risk": 0.4525
      },
      {
        "timestamp": 4.007347040498442,
        "frame_id": 120,
        "scene_change": true,
        "motion_score": 0.2019,
        "brightness_score": 0.3947,
        "edge_density": 0.1457,
        "human_count": 0,
        "pacing_score": 0.8793,
        "visual_variation_score": 0.1685,
        "attention_drop_risk": 0.4564
      },
      {
        "timestamp": 5.0091838006230525,
        "frame_id": 150,
        "scene_change": true,
        "motion_score": 0.1945,
        "brightness_score": 0.4396,
        "edge_density": 0.1973,
        "human_count": 0,
        "pacing_score": 0.9993,
        "visual_variation_score": 0.155,
        "attention_drop_risk": 0.4489
      },
      {
        "timestamp": 6.011020560747664,
        "frame_id": 180,
        "scene_change": true,
        "motion_score": 0.1859,
        "brightness_score": 0.4112,
        "edge_density": 0.2058,
        "human_count": 0,
        "pacing_score": 0.9993,
        "visual_variation_score": 0.1394,
        "attention_drop_risk": 0.4498
      },
      {
        "timestamp": 7.012857320872274,
        "frame_id": 210,
        "scene_change": true,
        "motion_score": 0.2459,
        "brightness_score": 0.5119,
        "edge_density": 0.1341,
        "human_count": 0,
        "pacing_score": 0.9993,
        "visual_variation_score": 0.3688,
        "attention_drop_risk": 0.4674
      },
      {
        "timestamp": 8.014694080996884,
        "frame_id": 240,
        "scene_change": true,
        "motion_score": 0.2375,
        "brightness_score": 0.4262,
        "edge_density": 0.2202,
        "human_count": 1,
        "pacing_score": 0.9993,
        "visual_variation_score": 0.3691,
        "attention_drop_risk": 0.4714
      },
      {
        "timestamp": 9.016530841121495,
        "frame_id": 270,
        "scene_change": true,
        "motion_score": 0.2055,
        "brightness_score": 0.3815,
        "edge_density": 0.1912,
        "human_count": 0,
        "pacing_score": 0.9993,
        "visual_variation_score": 0.1489,
        "attention_drop_risk": 0.4623
      },
      {
        "timestamp": 10.018367601246105,
        "frame_id": 300,
        "scene_change": true,
        "motion_score": 0.1837,
        "brightness_score": 0.4312,
        "edge_density": 0.1733,
        "human_count": 0,
        "pacing_score": 0.9993,
        "visual_variation_score": 0.2197,
        "attention_drop_risk": 0.4441
      },
      {
        "timestamp": 11.020204361370716,
        "frame_id": 330,
        "scene_change": true,
        "motion_score": 0.1504,
        "brightness_score": 0.453,
        "edge_density": 0.1806,
        "human_count": 0,
        "pacing_score": 0.9993,
        "visual_variation_score": 0.0976,
        "attention_drop_risk": 0.4267
      },
      {
        "timestamp": 12.022041121495327,
        "frame_id": 360,
        "scene_change": true,
        "motion_score": 0.2123,
        "brightness_score": 0.5101,
        "edge_density": 0.1982,
        "human_count": 0,
        "pacing_score": 0.9993,
        "visual_variation_score": 0.3309,
        "attention_drop_risk": 0.4555
      },
      {
        "timestamp": 13.023877881619937,
        "frame_id": 390,
        "scene_change": true,
        "motion_score": 0.2206,
        "brightness_score": 0.5394,
        "edge_density": 0.1859,
        "human_count": 0,
        "pacing_score": 0.9993,
        "visual_variation_score": 0.1637,
        "attention_drop_risk": 0.4586
      },
      {
        "timestamp": 14.025714641744548,
        "frame_id": 420,
        "scene_change": true,
        "motion_score": 0.2131,
        "brightness_score": 0.4421,
        "edge_density": 0.215,
        "human_count": 0,
        "pacing_score": 0.9993,
        "visual_variation_score": 0.3774,
        "attention_drop_risk": 0.4578
      },
      {
        "timestamp": 15.027551401869157,
        "frame_id": 450,
        "scene_change": true,
        "motion_score": 0.1654,
        "brightness_score": 0.4707,
        "edge_density": 0.2257,
        "human_count": 0,
        "pacing_score": 0.9993,
        "visual_variation_score": 0.1136,
        "attention_drop_risk": 0.4357
      },
      {
        "timestamp": 16.02938816199377,
        "frame_id": 480,
        "scene_change": true,
        "motion_score": 0.1989,
        "brightness_score": 0.5156,
        "edge_density": 0.171,
        "human_count": 0,
        "pacing_score": 0.9993,
        "visual_variation_score": 0.3179,
        "attention_drop_risk": 0.448
      },
      {
        "timestamp": 17.03122492211838,
        "frame_id": 510,
        "scene_change": true,
        "motion_score": 0.2596,
        "brightness_score": 0.4776,
        "edge_density": 0.1519,
        "human_count": 0,
        "pacing_score": 0.9993,